Method,Name,Error,Occurrences,First Seen,Last Seen
POST,/items/:id/reserve [POST],"CatchResponseError('Conflict error: {""error_code"":""IDEMPOTENCY_CONFLICT"",""message"":""Duplicate idempotency key \'u2587778579680-8ce2d3c59f264005\' used with conflicting reservation parameters.""}')",1,2026-08-23T18:59:49Z,2026-08-23T18:59:49Z
POST,/items/:id/reserve [POST],"CatchResponseError('Conflict error: {""error_code"":""IDEMPOTENCY_CONFLICT"",""message"":""Duplicate idempotency key \'u2587777698512-217bfa3b9bb84527\' used with conflicting reservation parameters.""}')",1,2026-08-23T18:59:51Z,2026-08-23T18:59:51Z
POST,/items/:id/reserve [POST],"CatchResponseError('Conflict error: {""error_code"":""IDEMPOTENCY_CONFLICT"",""message"":""Duplicate idempotency key \'u2587778579680-76aecd6bb88a4bd3\' used with conflicting reservation parameters.""}')",1,2026-08-23T18:59:51Z,2026-08-23T18:59:51Z
POST,/items/:id/reserve [POST],"CatchResponseError('Conflict error: {""error_code"":""IDEMPOTENCY_CONFLICT"",""message"":""Duplicate idempotency key \'u2587778225872-36c0175173fb44a8\' used with conflicting reservation parameters.""}')",1,2026-08-23T18:59:50Z,2026-08-23T18:59:50Z
POST,/items/:id/reserve [POST],"CatchResponseError('Conflict error: {""error_code"":""IDEMPOTENCY_CONFLICT"",""message"":""Duplicate idempotency key \'u2587778577552-8ca2a8e4a1ae4306\' used with conflicting reservation parameters.""}')",1,2026-08-23T18:59:49Z,2026-08-23T18:59:49Z
POST,/items/:id/reserve [POST],"CatchResponseError('Conflict error: {""error_code"":""IDEMPOTENCY_CONFLICT"",""message"":""Duplicate idempotency key \'u2587778225872-0836b28b82504575\' used with conflicting reservation parameters.""}')",1,2026-08-23T18:59:52Z,2026-08-23T18:59:52Z
POST,/items/:id/reserve [POST],"CatchResponseError('Conflict error: {""error_code"":""IDEMPOTENCY_CONFLICT"",""message"":""Duplicate idempotency key \'u2587777698512-889a717e0173452f\' used with conflicting reservation parameters.""}')",1,2026-08-23T18:59:50Z,2026-08-23T18:59:50Z
POST,/items/:id/reserve [POST],"CatchResponseError('Conflict error: {""error_code"":""IDEMPOTENCY_CONFLICT"",""message"":""Duplicate idempotency key \'u2587778577552-ebcf3cccf5e442f7\' used with conflicting reservation parameters.""}')",1,2026-08-23T18:59:52Z,2026-08-23T18:59:52Z
POST,/items/:id/reserve [POST],"CatchResponseError('Conflict error: {""error_code"":""IDEMPOTENCY_CONFLICT"",""message"":""Duplicate idempotency key \'u2587777698512-1dda01dfefe44dbb\' used with conflicting reservation parameters.""}')",1,2026-08-23T18:59:52Z,2026-08-23T18:59:52Z
POST,/items/:id/reserve [POST],"CatchResponseError('Conflict error: {""error_code"":""IDEMPOTENCY_CONFLICT"",""message"":""Duplicate idempotency key \'u2587778577552-de9a885237a44651\' used with conflicting reservation parameters.""}')",1,2026-08-23T18:59:50Z,2026-08-23T18:59:50Z
POST,/items/:id/reserve [POST],"CatchResponseError('Conflict error: {""error_code"":""IDEMPOTENCY_CONFLICT"",""message"":""Duplicate idempotency key \'u2587778226832-1095c61421f04baa\' used with conflicting reservation parameters.""}')",1,2026-08-23T18:59:50Z,2026-08-23T18:59:50Z
