run_tag,strategy,profile,concurrency,endpoint,method,requests,failures,rps,avg_ms,p50_ms,p95_ms,p99_ms
atomic_update_mixed_c100_rep1,atomic_update,mixed,100,/items [GET],GET,961,0,68.56,363.5,350.0,570.0,690.0
atomic_update_mixed_c100_rep1,atomic_update,mixed,100,/items/:id [GET],GET,967,0,68.98,354.77,340.0,550.0,720.0
atomic_update_mixed_c100_rep1,atomic_update,mixed,100,/items/:id/reserve [POST],POST,1118,38,79.76,369.93,360.0,570.0,730.0
atomic_update_mixed_c100_rep1,atomic_update,mixed,100,/metrics/consistency [GET],GET,158,0,11.27,368.11,370.0,550.0,660.0
atomic_update_mixed_c100_rep1,atomic_update,mixed,100,/reservations/:id/release [POST],POST,278,0,19.83,389.67,380.0,590.0,700.0
atomic_update_mixed_c100_rep2,atomic_update,mixed,100,/items [GET],GET,922,0,65.73,382.15,370.0,580.0,720.0
atomic_update_mixed_c100_rep2,atomic_update,mixed,100,/items/:id [GET],GET,939,0,66.94,376.76,360.0,590.0,760.0
atomic_update_mixed_c100_rep2,atomic_update,mixed,100,/items/:id/reserve [POST],POST,1045,28,74.5,390.52,370.0,620.0,870.0
atomic_update_mixed_c100_rep2,atomic_update,mixed,100,/metrics/consistency [GET],GET,148,0,10.55,403.45,400.0,590.0,740.0
atomic_update_mixed_c100_rep2,atomic_update,mixed,100,/reservations/:id/release [POST],POST,258,0,18.39,408.57,400.0,630.0,730.0
atomic_update_mixed_c20_rep1,atomic_update,mixed,20,/items [GET],GET,343,0,85.8,35.04,37.0,55.0,63.0
atomic_update_mixed_c20_rep1,atomic_update,mixed,20,/items/:id [GET],GET,344,0,86.05,32.45,35.0,51.0,54.0
atomic_update_mixed_c20_rep1,atomic_update,mixed,20,/items/:id/reserve [POST],POST,412,16,103.06,45.69,49.0,70.0,76.0
atomic_update_mixed_c20_rep1,atomic_update,mixed,20,/metrics/consistency [GET],GET,60,0,15.01,44.37,47.0,69.0,82.0
atomic_update_mixed_c20_rep1,atomic_update,mixed,20,/reservations/:id/release [POST],POST,88,0,22.01,53.25,57.0,80.0,87.0
atomic_update_mixed_c20_rep2,atomic_update,mixed,20,/items [GET],GET,1051,0,74.93,46.4,47.0,63.0,72.0
atomic_update_mixed_c20_rep2,atomic_update,mixed,20,/items/:id [GET],GET,1091,0,77.78,43.45,45.0,60.0,66.0
atomic_update_mixed_c20_rep2,atomic_update,mixed,20,/items/:id/reserve [POST],POST,1249,37,89.05,60.8,62.0,83.0,97.0
atomic_update_mixed_c20_rep2,atomic_update,mixed,20,/metrics/consistency [GET],GET,187,0,13.33,58.92,59.0,78.0,90.0
atomic_update_mixed_c20_rep2,atomic_update,mixed,20,/reservations/:id/release [POST],POST,367,0,26.17,66.44,67.0,88.0,110.0
atomic_update_mixed_c50_rep1,atomic_update,mixed,50,/items [GET],GET,1072,0,76.42,148.47,150.0,180.0,200.0
atomic_update_mixed_c50_rep1,atomic_update,mixed,50,/items/:id [GET],GET,1068,0,76.14,144.1,150.0,180.0,190.0
atomic_update_mixed_c50_rep1,atomic_update,mixed,50,/items/:id/reserve [POST],POST,1298,37,92.53,164.85,170.0,200.0,220.0
atomic_update_mixed_c50_rep1,atomic_update,mixed,50,/metrics/consistency [GET],GET,164,0,11.69,159.03,170.0,200.0,210.0
atomic_update_mixed_c50_rep1,atomic_update,mixed,50,/reservations/:id/release [POST],POST,323,0,23.03,171.12,180.0,210.0,220.0
atomic_update_mixed_c50_rep2,atomic_update,mixed,50,/items [GET],GET,1105,0,78.79,149.45,150.0,180.0,220.0
atomic_update_mixed_c50_rep2,atomic_update,mixed,50,/items/:id [GET],GET,1075,0,76.65,143.3,150.0,180.0,190.0
atomic_update_mixed_c50_rep2,atomic_update,mixed,50,/items/:id/reserve [POST],POST,1215,32,86.63,164.44,170.0,200.0,230.0
atomic_update_mixed_c50_rep2,atomic_update,mixed,50,/metrics/consistency [GET],GET,188,0,13.41,164.75,170.0,210.0,290.0
atomic_update_mixed_c50_rep2,atomic_update,mixed,50,/reservations/:id/release [POST],POST,342,0,24.39,173.4,180.0,210.0,240.0
atomic_update_mixed_c5_rep1,atomic_update,mixed,5,/items [GET],GET,191,0,47.49,8.06,7.0,12.0,14.0
atomic_update_mixed_c5_rep1,atomic_update,mixed,5,/items/:id [GET],GET,211,0,52.46,7.03,7.0,10.0,12.0
atomic_update_mixed_c5_rep1,atomic_update,mixed,5,/items/:id/reserve [POST],POST,203,8,50.47,12.14,12.0,16.0,18.0
atomic_update_mixed_c5_rep1,atomic_update,mixed,5,/metrics/consistency [GET],GET,34,0,8.45,14.43,12.0,54.0,56.0
atomic_update_mixed_c5_rep1,atomic_update,mixed,5,/reservations/:id/release [POST],POST,63,0,15.66,13.75,14.0,17.0,20.0
atomic_update_mixed_c5_rep2,atomic_update,mixed,5,/items [GET],GET,690,0,49.14,8.75,8.0,14.0,19.0
atomic_update_mixed_c5_rep2,atomic_update,mixed,5,/items/:id [GET],GET,593,0,42.23,7.2,7.0,11.0,18.0
atomic_update_mixed_c5_rep2,atomic_update,mixed,5,/items/:id/reserve [POST],POST,770,33,54.84,12.78,12.0,18.0,22.0
atomic_update_mixed_c5_rep2,atomic_update,mixed,5,/metrics/consistency [GET],GET,127,0,9.05,12.91,12.0,19.0,22.0
atomic_update_mixed_c5_rep2,atomic_update,mixed,5,/reservations/:id/release [POST],POST,241,0,17.16,14.68,14.0,20.0,27.0
atomic_update_read_heavy_c100_rep1,atomic_update,read_heavy,100,/items [GET],GET,881,0,62.76,385.75,380.0,570.0,710.0
atomic_update_read_heavy_c100_rep1,atomic_update,read_heavy,100,/items/:id [GET],GET,936,0,66.68,382.07,370.0,580.0,710.0
atomic_update_read_heavy_c100_rep1,atomic_update,read_heavy,100,/items/:id/reserve [POST],POST,1053,28,75.01,397.96,390.0,600.0,760.0
atomic_update_read_heavy_c100_rep1,atomic_update,read_heavy,100,/metrics/consistency [GET],GET,138,0,9.83,403.53,390.0,580.0,640.0
atomic_update_read_heavy_c100_rep1,atomic_update,read_heavy,100,/reservations/:id/release [POST],POST,246,0,17.52,421.89,420.0,640.0,730.0
atomic_update_read_heavy_c100_rep2,atomic_update,read_heavy,100,/items [GET],GET,906,0,64.58,379.11,370.0,570.0,770.0
atomic_update_read_heavy_c100_rep2,atomic_update,read_heavy,100,/items/:id [GET],GET,963,0,68.64,369.06,360.0,560.0,740.0
atomic_update_read_heavy_c100_rep2,atomic_update,read_heavy,100,/items/:id/reserve [POST],POST,1037,23,73.92,394.31,380.0,590.0,800.0
atomic_update_read_heavy_c100_rep2,atomic_update,read_heavy,100,/metrics/consistency [GET],GET,147,0,10.48,398.61,390.0,560.0,650.0
atomic_update_read_heavy_c100_rep2,atomic_update,read_heavy,100,/reservations/:id/release [POST],POST,265,0,18.89,407.78,390.0,600.0,800.0
atomic_update_read_heavy_c20_rep1,atomic_update,read_heavy,20,/items [GET],GET,1051,0,74.9,48.15,49.0,66.0,76.0
atomic_update_read_heavy_c20_rep1,atomic_update,read_heavy,20,/items/:id [GET],GET,1017,0,72.47,45.55,47.0,62.0,70.0
atomic_update_read_heavy_c20_rep1,atomic_update,read_heavy,20,/items/:id/reserve [POST],POST,1187,43,84.59,63.4,64.0,86.0,97.0
atomic_update_read_heavy_c20_rep1,atomic_update,read_heavy,20,/metrics/consistency [GET],GET,189,0,13.47,61.37,62.0,82.0,89.0
atomic_update_read_heavy_c20_rep1,atomic_update,read_heavy,20,/reservations/:id/release [POST],POST,347,0,24.73,69.12,70.0,91.0,98.0
atomic_update_read_heavy_c20_rep2,atomic_update,read_heavy,20,/items [GET],GET,963,0,68.6,48.43,50.0,66.0,77.0
atomic_update_read_heavy_c20_rep2,atomic_update,read_heavy,20,/items/:id [GET],GET,1120,0,79.78,44.92,46.0,61.0,71.0
atomic_update_read_heavy_c20_rep2,atomic_update,read_heavy,20,/items/:id/reserve [POST],POST,1184,35,84.34,63.22,65.0,84.0,96.0
atomic_update_read_heavy_c20_rep2,atomic_update,read_heavy,20,/metrics/consistency [GET],GET,195,0,13.89,62.09,61.0,84.0,100.0
atomic_update_read_heavy_c20_rep2,atomic_update,read_heavy,20,/reservations/:id/release [POST],POST,359,0,25.57,69.29,70.0,89.0,94.0
atomic_update_read_heavy_c50_rep1,atomic_update,read_heavy,50,/items [GET],GET,1151,0,82.11,149.55,150.0,190.0,210.0
atomic_update_read_heavy_c50_rep1,atomic_update,read_heavy,50,/items/:id [GET],GET,1052,0,75.04,145.62,150.0,180.0,210.0
atomic_update_read_heavy_c50_rep1,atomic_update,read_heavy,50,/items/:id/reserve [POST],POST,1196,36,85.32,164.92,170.0,210.0,230.0
atomic_update_read_heavy_c50_rep1,atomic_update,read_heavy,50,/metrics/consistency [GET],GET,184,0,13.13,162.11,160.0,200.0,220.0
atomic_update_read_heavy_c50_rep1,atomic_update,read_heavy,50,/reservations/:id/release [POST],POST,320,0,22.83,175.18,180.0,220.0,230.0
atomic_update_read_heavy_c50_rep2,atomic_update,read_heavy,50,/items [GET],GET,1003,0,71.59,163.86,160.0,220.0,280.0
atomic_update_read_heavy_c50_rep2,atomic_update,read_heavy,50,/items/:id [GET],GET,956,0,68.24,159.63,160.0,210.0,260.0
atomic_update_read_heavy_c50_rep2,atomic_update,read_heavy,50,/items/:id/reserve [POST],POST,1140,37,81.37,180.59,180.0,240.0,300.0
atomic_update_read_heavy_c50_rep2,atomic_update,read_heavy,50,/metrics/consistency [GET],GET,155,0,11.06,181.26,180.0,260.0,320.0
atomic_update_read_heavy_c50_rep2,atomic_update,read_heavy,50,/reservations/:id/release [POST],POST,327,0,23.34,190.37,180.0,250.0,310.0
atomic_update_read_heavy_c5_rep1,atomic_update,read_heavy,5,/items [GET],GET,654,0,46.58,9.52,9.0,14.0,17.0
atomic_update_read_heavy_c5_rep1,atomic_update,read_heavy,5,/items/:id [GET],GET,644,0,45.87,8.0,8.0,13.0,15.0
atomic_update_read_heavy_c5_rep1,atomic_update,read_heavy,5,/items/:id/reserve [POST],POST,711,19,50.64,15.02,14.0,22.0,34.0
atomic_update_read_heavy_c5_rep1,atomic_update,read_heavy,5,/metrics/consistency [GET],GET,123,0,8.76,15.18,14.0,24.0,30.0
atomic_update_read_heavy_c5_rep1,atomic_update,read_heavy,5,/reservations/:id/release [POST],POST,210,0,14.96,17.0,16.0,25.0,34.0
atomic_update_read_heavy_c5_rep2,atomic_update,read_heavy,5,/items [GET],GET,626,0,44.57,9.37,9.0,14.0,17.0
atomic_update_read_heavy_c5_rep2,atomic_update,read_heavy,5,/items/:id [GET],GET,631,0,44.92,8.03,8.0,12.0,17.0
atomic_update_read_heavy_c5_rep2,atomic_update,read_heavy,5,/items/:id/reserve [POST],POST,745,28,53.04,15.07,14.0,22.0,32.0
atomic_update_read_heavy_c5_rep2,atomic_update,read_heavy,5,/metrics/consistency [GET],GET,117,0,8.33,15.22,14.0,21.0,32.0
atomic_update_read_heavy_c5_rep2,atomic_update,read_heavy,5,/reservations/:id/release [POST],POST,214,0,15.24,17.41,17.0,24.0,34.0
atomic_update_spike_c100_rep1,atomic_update,spike,100,/items [GET],GET,1015,0,72.36,348.71,340.0,550.0,680.0
atomic_update_spike_c100_rep1,atomic_update,spike,100,/items/:id [GET],GET,997,0,71.07,335.87,320.0,530.0,680.0
atomic_update_spike_c100_rep1,atomic_update,spike,100,/items/:id/reserve [POST],POST,1161,27,82.76,365.57,360.0,550.0,730.0
atomic_update_spike_c100_rep1,atomic_update,spike,100,/metrics/consistency [GET],GET,156,0,11.12,360.59,350.0,580.0,640.0
atomic_update_spike_c100_rep1,atomic_update,spike,100,/reservations/:id/release [POST],POST,287,0,20.46,376.36,370.0,560.0,690.0
atomic_update_spike_c100_rep2,atomic_update,spike,100,/items [GET],GET,1160,0,82.7,290.99,290.0,420.0,510.0
atomic_update_spike_c100_rep2,atomic_update,spike,100,/items/:id [GET],GET,1192,0,84.98,288.38,280.0,450.0,600.0
atomic_update_spike_c100_rep2,atomic_update,spike,100,/items/:id/reserve [POST],POST,1367,38,97.46,308.43,300.0,450.0,600.0
atomic_update_spike_c100_rep2,atomic_update,spike,100,/metrics/consistency [GET],GET,195,0,13.9,307.8,300.0,450.0,600.0
atomic_update_spike_c100_rep2,atomic_update,spike,100,/reservations/:id/release [POST],POST,341,0,24.31,311.48,310.0,430.0,530.0
atomic_update_spike_c20_rep1,atomic_update,spike,20,/items [GET],GET,1157,0,82.53,41.77,42.0,57.0,66.0
atomic_update_spike_c20_rep1,atomic_update,spike,20,/items/:id [GET],GET,1189,0,84.81,38.92,39.0,55.0,62.0
atomic_update_spike_c20_rep1,atomic_update,spike,20,/items/:id/reserve [POST],POST,1376,45,98.15,54.26,55.0,72.0,79.0
atomic_update_spike_c20_rep1,atomic_update,spike,20,/metrics/consistency [GET],GET,187,0,13.34,52.62,53.0,68.0,74.0
atomic_update_spike_c20_rep1,atomic_update,spike,20,/reservations/:id/release [POST],POST,378,0,26.96,59.55,61.0,77.0,83.0
atomic_update_spike_c20_rep2,atomic_update,spike,20,/items [GET],GET,1154,0,82.25,41.81,43.0,59.0,68.0
atomic_update_spike_c20_rep2,atomic_update,spike,20,/items/:id [GET],GET,1158,0,82.54,39.14,40.0,55.0,67.0
atomic_update_spike_c20_rep2,atomic_update,spike,20,/items/:id/reserve [POST],POST,1348,40,96.08,54.9,56.0,74.0,89.0
atomic_update_spike_c20_rep2,atomic_update,spike,20,/metrics/consistency [GET],GET,201,0,14.33,53.88,55.0,74.0,82.0
atomic_update_spike_c20_rep2,atomic_update,spike,20,/reservations/:id/release [POST],POST,375,0,26.73,61.08,62.0,78.0,95.0
atomic_update_spike_c50_rep1,atomic_update,spike,50,/items [GET],GET,1151,0,81.94,133.83,140.0,160.0,180.0
atomic_update_spike_c50_rep1,atomic_update,spike,50,/items/:id [GET],GET,1190,0,84.71,130.45,140.0,160.0,180.0
atomic_update_spike_c50_rep1,atomic_update,spike,50,/items/:id/reserve [POST],POST,1359,41,96.74,149.81,150.0,180.0,210.0
atomic_update_spike_c50_rep1,atomic_update,spike,50,/metrics/consistency [GET],GET,199,0,14.17,148.19,150.0,180.0,200.0
atomic_update_spike_c50_rep1,atomic_update,spike,50,/reservations/:id/release [POST],POST,392,0,27.91,158.53,160.0,190.0,200.0
atomic_update_spike_c50_rep2,atomic_update,spike,50,/items [GET],GET,1083,0,77.11,150.82,150.0,200.0,230.0
atomic_update_spike_c50_rep2,atomic_update,spike,50,/items/:id [GET],GET,1031,0,73.4,145.49,150.0,190.0,220.0
atomic_update_spike_c50_rep2,atomic_update,spike,50,/items/:id/reserve [POST],POST,1268,39,90.28,166.88,170.0,220.0,260.0
atomic_update_spike_c50_rep2,atomic_update,spike,50,/metrics/consistency [GET],GET,164,0,11.68,165.42,170.0,220.0,250.0
atomic_update_spike_c50_rep2,atomic_update,spike,50,/reservations/:id/release [POST],POST,330,0,23.49,178.08,180.0,230.0,250.0
atomic_update_spike_c5_rep1,atomic_update,spike,5,/items [GET],GET,674,0,47.98,8.18,8.0,12.0,13.0
atomic_update_spike_c5_rep1,atomic_update,spike,5,/items/:id [GET],GET,700,0,49.83,7.08,7.0,11.0,12.0
atomic_update_spike_c5_rep1,atomic_update,spike,5,/items/:id/reserve [POST],POST,794,19,56.52,12.09,12.0,16.0,18.0
atomic_update_spike_c5_rep1,atomic_update,spike,5,/metrics/consistency [GET],GET,116,0,8.26,12.07,12.0,16.0,18.0
atomic_update_spike_c5_rep1,atomic_update,spike,5,/reservations/:id/release [POST],POST,213,0,15.16,14.12,14.0,18.0,26.0
atomic_update_spike_c5_rep2,atomic_update,spike,5,/items [GET],GET,651,0,46.27,8.19,8.0,12.0,14.0
atomic_update_spike_c5_rep2,atomic_update,spike,5,/items/:id [GET],GET,685,0,48.69,6.88,7.0,11.0,12.0
atomic_update_spike_c5_rep2,atomic_update,spike,5,/items/:id/reserve [POST],POST,793,28,56.36,12.39,12.0,17.0,19.0
atomic_update_spike_c5_rep2,atomic_update,spike,5,/metrics/consistency [GET],GET,116,0,8.24,12.69,12.0,17.0,19.0
atomic_update_spike_c5_rep2,atomic_update,spike,5,/reservations/:id/release [POST],POST,243,0,17.27,14.31,14.0,19.0,22.0
atomic_update_write_heavy_c100_rep1,atomic_update,write_heavy,100,/items [GET],GET,1154,0,82.31,302.1,300.0,440.0,550.0
atomic_update_write_heavy_c100_rep1,atomic_update,write_heavy,100,/items/:id [GET],GET,1176,0,83.88,302.03,290.0,440.0,590.0
atomic_update_write_heavy_c100_rep1,atomic_update,write_heavy,100,/items/:id/reserve [POST],POST,1256,33,89.58,314.67,310.0,460.0,590.0
atomic_update_write_heavy_c100_rep1,atomic_update,write_heavy,100,/metrics/consistency [GET],GET,187,0,13.34,322.08,310.0,480.0,710.0
atomic_update_write_heavy_c100_rep1,atomic_update,write_heavy,100,/reservations/:id/release [POST],POST,334,0,23.82,330.17,320.0,470.0,600.0
atomic_update_write_heavy_c100_rep2,atomic_update,write_heavy,100,/items [GET],GET,1118,0,79.6,306.27,300.0,470.0,590.0
atomic_update_write_heavy_c100_rep2,atomic_update,write_heavy,100,/items/:id [GET],GET,1134,0,80.74,297.91,290.0,440.0,560.0
atomic_update_write_heavy_c100_rep2,atomic_update,write_heavy,100,/items/:id/reserve [POST],POST,1345,46,95.77,317.83,310.0,470.0,600.0
atomic_update_write_heavy_c100_rep2,atomic_update,write_heavy,100,/metrics/consistency [GET],GET,172,0,12.25,316.96,310.0,460.0,570.0
atomic_update_write_heavy_c100_rep2,atomic_update,write_heavy,100,/reservations/:id/release [POST],POST,330,0,23.5,328.53,320.0,480.0,540.0
atomic_update_write_heavy_c20_rep1,atomic_update,write_heavy,20,/items [GET],GET,348,0,86.68,32.89,35.0,55.0,92.0
atomic_update_write_heavy_c20_rep1,atomic_update,write_heavy,20,/items/:id [GET],GET,372,0,92.65,30.13,33.0,50.0,62.0
atomic_update_write_heavy_c20_rep1,atomic_update,write_heavy,20,/items/:id/reserve [POST],POST,405,12,100.87,44.5,46.0,72.0,100.0
atomic_update_write_heavy_c20_rep1,atomic_update,write_heavy,20,/metrics/consistency [GET],GET,47,0,11.71,44.23,48.0,71.0,100.0
atomic_update_write_heavy_c20_rep1,atomic_update,write_heavy,20,/reservations/:id/release [POST],POST,123,0,30.64,48.94,51.0,79.0,110.0
atomic_update_write_heavy_c20_rep2,atomic_update,write_heavy,20,/items [GET],GET,1088,0,77.44,42.73,43.0,61.0,79.0
atomic_update_write_heavy_c20_rep2,atomic_update,write_heavy,20,/items/:id [GET],GET,1189,0,84.63,39.14,40.0,55.0,66.0
atomic_update_write_heavy_c20_rep2,atomic_update,write_heavy,20,/items/:id/reserve [POST],POST,1365,38,97.16,55.23,56.0,75.0,88.0
atomic_update_write_heavy_c20_rep2,atomic_update,write_heavy,20,/metrics/consistency [GET],GET,197,0,14.02,54.73,57.0,71.0,98.0
atomic_update_write_heavy_c20_rep2,atomic_update,write_heavy,20,/reservations/:id/release [POST],POST,376,0,26.76,62.75,64.0,83.0,120.0
atomic_update_write_heavy_c50_rep1,atomic_update,write_heavy,50,/items [GET],GET,1184,0,84.5,136.63,140.0,160.0,200.0
atomic_update_write_heavy_c50_rep1,atomic_update,write_heavy,50,/items/:id [GET],GET,1172,0,83.64,131.88,130.0,160.0,190.0
atomic_update_write_heavy_c50_rep1,atomic_update,write_heavy,50,/items/:id/reserve [POST],POST,1354,45,96.63,150.8,150.0,180.0,210.0
atomic_update_write_heavy_c50_rep1,atomic_update,write_heavy,50,/metrics/consistency [GET],GET,170,0,12.13,153.8,150.0,190.0,420.0
atomic_update_write_heavy_c50_rep1,atomic_update,write_heavy,50,/reservations/:id/release [POST],POST,368,0,26.26,156.28,160.0,180.0,200.0
atomic_update_write_heavy_c50_rep2,atomic_update,write_heavy,50,/items [GET],GET,1194,0,85.08,131.85,140.0,160.0,170.0
atomic_update_write_heavy_c50_rep2,atomic_update,write_heavy,50,/items/:id [GET],GET,1163,0,82.87,130.25,130.0,150.0,170.0
atomic_update_write_heavy_c50_rep2,atomic_update,write_heavy,50,/items/:id/reserve [POST],POST,1442,44,102.75,147.02,150.0,170.0,180.0
atomic_update_write_heavy_c50_rep2,atomic_update,write_heavy,50,/metrics/consistency [GET],GET,199,0,14.18,146.74,150.0,180.0,200.0
atomic_update_write_heavy_c50_rep2,atomic_update,write_heavy,50,/reservations/:id/release [POST],POST,357,0,25.44,154.53,160.0,180.0,190.0
atomic_update_write_heavy_c5_rep1,atomic_update,write_heavy,5,/items [GET],GET,192,0,48.04,8.23,8.0,12.0,14.0
atomic_update_write_heavy_c5_rep1,atomic_update,write_heavy,5,/items/:id [GET],GET,183,0,45.79,6.97,7.0,10.0,13.0
atomic_update_write_heavy_c5_rep1,atomic_update,write_heavy,5,/items/:id/reserve [POST],POST,230,6,57.55,12.26,12.0,17.0,18.0
atomic_update_write_heavy_c5_rep1,atomic_update,write_heavy,5,/metrics/consistency [GET],GET,31,0,7.76,12.55,12.0,16.0,17.0
atomic_update_write_heavy_c5_rep1,atomic_update,write_heavy,5,/reservations/:id/release [POST],POST,65,0,16.26,13.59,14.0,18.0,21.0
atomic_update_write_heavy_c5_rep2,atomic_update,write_heavy,5,/items [GET],GET,568,0,49.88,8.39,8.0,13.0,17.0
atomic_update_write_heavy_c5_rep2,atomic_update,write_heavy,5,/items/:id [GET],GET,552,24,48.48,7.21,7.0,11.0,14.0
atomic_update_write_heavy_c5_rep2,atomic_update,write_heavy,5,/items/:id/reserve [POST],POST,635,64,55.76,12.63,12.0,18.0,23.0
atomic_update_write_heavy_c5_rep2,atomic_update,write_heavy,5,/metrics/consistency [GET],GET,81,1,7.11,12.73,12.0,17.0,18.0
atomic_update_write_heavy_c5_rep2,atomic_update,write_heavy,5,/reservations/:id/release [POST],POST,163,1,14.31,14.99,14.0,19.0,65.0
pessimistic_lock_mixed_c100_rep1,pessimistic_lock,mixed,100,/items [GET],GET,1024,0,73.02,321.78,320.0,460.0,620.0
pessimistic_lock_mixed_c100_rep1,pessimistic_lock,mixed,100,/items/:id [GET],GET,1029,0,73.38,323.53,310.0,480.0,600.0
pessimistic_lock_mixed_c100_rep1,pessimistic_lock,mixed,100,/items/:id/reserve [POST],POST,1297,41,92.49,344.95,330.0,510.0,740.0
pessimistic_lock_mixed_c100_rep1,pessimistic_lock,mixed,100,/metrics/consistency [GET],GET,161,0,11.48,329.87,330.0,470.0,600.0
pessimistic_lock_mixed_c100_rep1,pessimistic_lock,mixed,100,/reservations/:id/release [POST],POST,318,0,22.68,351.03,340.0,540.0,610.0
pessimistic_lock_mixed_c100_rep2,pessimistic_lock,mixed,100,/items [GET],GET,1091,0,77.81,318.34,310.0,460.0,650.0
pessimistic_lock_mixed_c100_rep2,pessimistic_lock,mixed,100,/items/:id [GET],GET,1074,0,76.6,314.02,310.0,460.0,600.0
pessimistic_lock_mixed_c100_rep2,pessimistic_lock,mixed,100,/items/:id/reserve [POST],POST,1259,40,89.79,332.09,330.0,470.0,640.0
pessimistic_lock_mixed_c100_rep2,pessimistic_lock,mixed,100,/metrics/consistency [GET],GET,185,0,13.19,321.53,320.0,440.0,530.0
pessimistic_lock_mixed_c100_rep2,pessimistic_lock,mixed,100,/reservations/:id/release [POST],POST,329,0,23.46,334.3,330.0,460.0,540.0
pessimistic_lock_mixed_c20_rep1,pessimistic_lock,mixed,20,/items [GET],GET,386,0,96.51,34.29,37.0,56.0,64.0
pessimistic_lock_mixed_c20_rep1,pessimistic_lock,mixed,20,/items/:id [GET],GET,312,0,78.0,31.48,34.0,50.0,57.0
pessimistic_lock_mixed_c20_rep1,pessimistic_lock,mixed,20,/items/:id/reserve [POST],POST,388,11,97.01,47.3,52.0,72.0,79.0
pessimistic_lock_mixed_c20_rep1,pessimistic_lock,mixed,20,/metrics/consistency [GET],GET,49,0,12.25,45.68,48.0,67.0,68.0
pessimistic_lock_mixed_c20_rep1,pessimistic_lock,mixed,20,/reservations/:id/release [POST],POST,104,0,26.0,52.59,56.0,77.0,87.0
pessimistic_lock_mixed_c20_rep2,pessimistic_lock,mixed,20,/items [GET],GET,1011,0,72.06,47.99,48.0,68.0,81.0
pessimistic_lock_mixed_c20_rep2,pessimistic_lock,mixed,20,/items/:id [GET],GET,1113,0,79.33,44.04,44.0,64.0,77.0
pessimistic_lock_mixed_c20_rep2,pessimistic_lock,mixed,20,/items/:id/reserve [POST],POST,1238,49,88.24,64.03,65.0,86.0,100.0
pessimistic_lock_mixed_c20_rep2,pessimistic_lock,mixed,20,/metrics/consistency [GET],GET,155,0,11.05,58.75,61.0,80.0,88.0
pessimistic_lock_mixed_c20_rep2,pessimistic_lock,mixed,20,/reservations/:id/release [POST],POST,328,0,23.38,65.9,68.0,92.0,110.0
pessimistic_lock_mixed_c50_rep1,pessimistic_lock,mixed,50,/items [GET],GET,1054,0,75.09,145.08,150.0,170.0,180.0
pessimistic_lock_mixed_c50_rep1,pessimistic_lock,mixed,50,/items/:id [GET],GET,1122,0,79.94,141.82,140.0,170.0,180.0
pessimistic_lock_mixed_c50_rep1,pessimistic_lock,mixed,50,/items/:id/reserve [POST],POST,1279,31,91.12,164.05,170.0,190.0,200.0
pessimistic_lock_mixed_c50_rep1,pessimistic_lock,mixed,50,/metrics/consistency [GET],GET,185,0,13.18,157.82,160.0,180.0,200.0
pessimistic_lock_mixed_c50_rep1,pessimistic_lock,mixed,50,/reservations/:id/release [POST],POST,346,0,24.65,168.18,170.0,190.0,210.0
pessimistic_lock_mixed_c50_rep2,pessimistic_lock,mixed,50,/items [GET],GET,1128,0,80.4,141.67,150.0,170.0,200.0
pessimistic_lock_mixed_c50_rep2,pessimistic_lock,mixed,50,/items/:id [GET],GET,1141,0,81.33,138.43,140.0,160.0,190.0
pessimistic_lock_mixed_c50_rep2,pessimistic_lock,mixed,50,/items/:id/reserve [POST],POST,1296,38,92.37,159.49,160.0,190.0,220.0
pessimistic_lock_mixed_c50_rep2,pessimistic_lock,mixed,50,/metrics/consistency [GET],GET,178,0,12.69,157.37,160.0,190.0,200.0
pessimistic_lock_mixed_c50_rep2,pessimistic_lock,mixed,50,/reservations/:id/release [POST],POST,332,0,23.66,164.99,170.0,190.0,220.0
pessimistic_lock_mixed_c5_rep1,pessimistic_lock,mixed,5,/items [GET],GET,188,0,46.72,7.88,7.0,12.0,14.0
pessimistic_lock_mixed_c5_rep1,pessimistic_lock,mixed,5,/items/:id [GET],GET,180,0,44.73,6.64,7.0,11.0,12.0
pessimistic_lock_mixed_c5_rep1,pessimistic_lock,mixed,5,/items/:id/reserve [POST],POST,243,9,60.39,12.33,12.0,17.0,18.0
pessimistic_lock_mixed_c5_rep1,pessimistic_lock,mixed,5,/metrics/consistency [GET],GET,34,0,8.45,10.99,10.0,16.0,20.0
pessimistic_lock_mixed_c5_rep1,pessimistic_lock,mixed,5,/reservations/:id/release [POST],POST,65,0,16.15,13.02,13.0,17.0,19.0
pessimistic_lock_mixed_c5_rep2,pessimistic_lock,mixed,5,/items [GET],GET,633,0,45.06,9.18,9.0,15.0,17.0
pessimistic_lock_mixed_c5_rep2,pessimistic_lock,mixed,5,/items/:id [GET],GET,644,0,45.85,7.81,7.0,13.0,14.0
pessimistic_lock_mixed_c5_rep2,pessimistic_lock,mixed,5,/items/:id/reserve [POST],POST,764,24,54.39,14.36,14.0,20.0,23.0
pessimistic_lock_mixed_c5_rep2,pessimistic_lock,mixed,5,/metrics/consistency [GET],GET,114,0,8.12,12.93,12.0,19.0,20.0
pessimistic_lock_mixed_c5_rep2,pessimistic_lock,mixed,5,/reservations/:id/release [POST],POST,196,0,13.95,15.88,15.0,23.0,28.0
pessimistic_lock_read_heavy_c100_rep1,pessimistic_lock,read_heavy,100,/items [GET],GET,1022,0,72.91,339.49,330.0,520.0,690.0
pessimistic_lock_read_heavy_c100_rep1,pessimistic_lock,read_heavy,100,/items/:id [GET],GET,1012,0,72.19,330.08,330.0,480.0,650.0
pessimistic_lock_read_heavy_c100_rep1,pessimistic_lock,read_heavy,100,/items/:id/reserve [POST],POST,1164,34,83.04,358.54,350.0,530.0,710.0
pessimistic_lock_read_heavy_c100_rep1,pessimistic_lock,read_heavy,100,/metrics/consistency [GET],GET,179,0,12.77,352.05,340.0,500.0,670.0
pessimistic_lock_read_heavy_c100_rep1,pessimistic_lock,read_heavy,100,/reservations/:id/release [POST],POST,308,0,21.97,361.92,350.0,500.0,640.0
pessimistic_lock_read_heavy_c100_rep2,pessimistic_lock,read_heavy,100,/items [GET],GET,969,0,69.1,329.32,320.0,480.0,610.0
pessimistic_lock_read_heavy_c100_rep2,pessimistic_lock,read_heavy,100,/items/:id [GET],GET,1095,0,78.08,323.97,320.0,500.0,590.0
pessimistic_lock_read_heavy_c100_rep2,pessimistic_lock,read_heavy,100,/items/:id/reserve [POST],POST,1232,28,87.85,348.27,340.0,490.0,670.0
pessimistic_lock_read_heavy_c100_rep2,pessimistic_lock,read_heavy,100,/metrics/consistency [GET],GET,168,0,11.98,346.18,340.0,490.0,570.0
pessimistic_lock_read_heavy_c100_rep2,pessimistic_lock,read_heavy,100,/reservations/:id/release [POST],POST,310,0,22.11,364.53,350.0,540.0,710.0
pessimistic_lock_read_heavy_c20_rep1,pessimistic_lock,read_heavy,20,/items [GET],GET,1074,0,76.57,44.55,45.0,63.0,72.0
pessimistic_lock_read_heavy_c20_rep1,pessimistic_lock,read_heavy,20,/items/:id [GET],GET,1118,0,79.7,41.43,42.0,58.0,67.0
pessimistic_lock_read_heavy_c20_rep1,pessimistic_lock,read_heavy,20,/items/:id/reserve [POST],POST,1270,40,90.54,60.49,61.0,84.0,96.0
pessimistic_lock_read_heavy_c20_rep1,pessimistic_lock,read_heavy,20,/metrics/consistency [GET],GET,204,0,14.54,57.34,59.0,77.0,88.0
pessimistic_lock_read_heavy_c20_rep1,pessimistic_lock,read_heavy,20,/reservations/:id/release [POST],POST,352,0,25.09,63.88,65.0,85.0,96.0
pessimistic_lock_read_heavy_c20_rep2,pessimistic_lock,read_heavy,20,/items [GET],GET,1134,0,80.84,44.06,45.0,58.0,69.0
pessimistic_lock_read_heavy_c20_rep2,pessimistic_lock,read_heavy,20,/items/:id [GET],GET,1135,0,80.91,40.57,41.0,56.0,66.0
pessimistic_lock_read_heavy_c20_rep2,pessimistic_lock,read_heavy,20,/items/:id/reserve [POST],POST,1288,39,91.82,58.42,60.0,78.0,88.0
pessimistic_lock_read_heavy_c20_rep2,pessimistic_lock,read_heavy,20,/metrics/consistency [GET],GET,196,0,13.97,55.44,57.0,72.0,80.0
pessimistic_lock_read_heavy_c20_rep2,pessimistic_lock,read_heavy,20,/reservations/:id/release [POST],POST,348,0,24.81,63.03,63.0,84.0,95.0
pessimistic_lock_read_heavy_c50_rep1,pessimistic_lock,read_heavy,50,/items [GET],GET,1137,0,81.11,139.04,140.0,170.0,180.0
pessimistic_lock_read_heavy_c50_rep1,pessimistic_lock,read_heavy,50,/items/:id [GET],GET,1103,0,78.69,136.02,140.0,160.0,180.0
pessimistic_lock_read_heavy_c50_rep1,pessimistic_lock,read_heavy,50,/items/:id/reserve [POST],POST,1318,48,94.02,159.82,160.0,190.0,210.0
pessimistic_lock_read_heavy_c50_rep1,pessimistic_lock,read_heavy,50,/metrics/consistency [GET],GET,174,0,12.41,155.19,160.0,190.0,200.0
pessimistic_lock_read_heavy_c50_rep1,pessimistic_lock,read_heavy,50,/reservations/:id/release [POST],POST,370,0,26.4,163.62,170.0,190.0,200.0
pessimistic_lock_read_heavy_c50_rep2,pessimistic_lock,read_heavy,50,/items [GET],GET,1130,0,80.6,145.83,150.0,180.0,200.0
pessimistic_lock_read_heavy_c50_rep2,pessimistic_lock,read_heavy,50,/items/:id [GET],GET,1123,0,80.1,140.34,140.0,170.0,200.0
pessimistic_lock_read_heavy_c50_rep2,pessimistic_lock,read_heavy,50,/items/:id/reserve [POST],POST,1201,35,85.66,165.07,170.0,200.0,230.0
pessimistic_lock_read_heavy_c50_rep2,pessimistic_lock,read_heavy,50,/metrics/consistency [GET],GET,170,0,12.13,162.18,160.0,200.0,280.0
pessimistic_lock_read_heavy_c50_rep2,pessimistic_lock,read_heavy,50,/reservations/:id/release [POST],POST,353,0,25.18,171.01,170.0,210.0,220.0
pessimistic_lock_read_heavy_c5_rep1,pessimistic_lock,read_heavy,5,/items [GET],GET,648,0,46.15,9.21,9.0,15.0,16.0
pessimistic_lock_read_heavy_c5_rep1,pessimistic_lock,read_heavy,5,/items/:id [GET],GET,645,0,45.93,7.8,7.0,13.0,14.0
pessimistic_lock_read_heavy_c5_rep1,pessimistic_lock,read_heavy,5,/items/:id/reserve [POST],POST,694,19,49.42,14.61,14.0,20.0,22.0
pessimistic_lock_read_heavy_c5_rep1,pessimistic_lock,read_heavy,5,/metrics/consistency [GET],GET,135,0,9.61,13.38,12.0,21.0,23.0
pessimistic_lock_read_heavy_c5_rep1,pessimistic_lock,read_heavy,5,/reservations/:id/release [POST],POST,233,0,16.59,15.36,15.0,21.0,22.0
pessimistic_lock_read_heavy_c5_rep2,pessimistic_lock,read_heavy,5,/items [GET],GET,630,0,44.9,9.26,9.0,14.0,16.0
pessimistic_lock_read_heavy_c5_rep2,pessimistic_lock,read_heavy,5,/items/:id [GET],GET,672,0,47.89,7.91,7.0,13.0,15.0
pessimistic_lock_read_heavy_c5_rep2,pessimistic_lock,read_heavy,5,/items/:id/reserve [POST],POST,704,26,50.17,14.32,14.0,20.0,23.0
pessimistic_lock_read_heavy_c5_rep2,pessimistic_lock,read_heavy,5,/metrics/consistency [GET],GET,127,0,9.05,13.55,13.0,19.0,22.0
pessimistic_lock_read_heavy_c5_rep2,pessimistic_lock,read_heavy,5,/reservations/:id/release [POST],POST,211,0,15.04,15.81,16.0,21.0,24.0
pessimistic_lock_spike_c100_rep1,pessimistic_lock,spike,100,/items [GET],GET,1480,0,105.41,249.88,250.0,300.0,350.0
pessimistic_lock_spike_c100_rep1,pessimistic_lock,spike,100,/items/:id [GET],GET,1498,1348,106.69,238.57,240.0,280.0,320.0
pessimistic_lock_spike_c100_rep1,pessimistic_lock,spike,100,/items/:id/reserve [POST],POST,1781,1647,126.85,244.48,240.0,300.0,360.0
pessimistic_lock_spike_c100_rep1,pessimistic_lock,spike,100,/metrics/consistency [GET],GET,235,0,16.74,263.66,260.0,310.0,350.0
pessimistic_lock_spike_c100_rep1,pessimistic_lock,spike,100,/reservations/:id/release [POST],POST,92,0,6.55,270.76,270.0,310.0,320.0
pessimistic_lock_spike_c100_rep2,pessimistic_lock,spike,100,/items [GET],GET,929,0,66.24,365.37,350.0,580.0,770.0
pessimistic_lock_spike_c100_rep2,pessimistic_lock,spike,100,/items/:id [GET],GET,926,0,66.03,364.45,340.0,600.0,770.0
pessimistic_lock_spike_c100_rep2,pessimistic_lock,spike,100,/items/:id/reserve [POST],POST,1135,30,80.93,376.22,350.0,590.0,770.0
pessimistic_lock_spike_c100_rep2,pessimistic_lock,spike,100,/metrics/consistency [GET],GET,162,0,11.55,397.33,380.0,670.0,790.0
pessimistic_lock_spike_c100_rep2,pessimistic_lock,spike,100,/reservations/:id/release [POST],POST,283,0,20.18,383.17,370.0,600.0,820.0
pessimistic_lock_spike_c20_rep1,pessimistic_lock,spike,20,/items [GET],GET,1105,0,78.75,43.81,44.0,63.0,70.0
pessimistic_lock_spike_c20_rep1,pessimistic_lock,spike,20,/items/:id [GET],GET,1116,0,79.53,40.84,42.0,59.0,65.0
pessimistic_lock_spike_c20_rep1,pessimistic_lock,spike,20,/items/:id/reserve [POST],POST,1289,48,91.86,59.49,60.0,81.0,93.0
pessimistic_lock_spike_c20_rep1,pessimistic_lock,spike,20,/metrics/consistency [GET],GET,222,0,15.82,54.98,56.0,76.0,87.0
pessimistic_lock_spike_c20_rep1,pessimistic_lock,spike,20,/reservations/:id/release [POST],POST,362,0,25.8,62.45,63.0,83.0,90.0
pessimistic_lock_spike_c20_rep2,pessimistic_lock,spike,20,/items [GET],GET,1173,0,83.66,41.97,42.0,57.0,67.0
pessimistic_lock_spike_c20_rep2,pessimistic_lock,spike,20,/items/:id [GET],GET,1103,0,78.66,39.07,40.0,54.0,61.0
pessimistic_lock_spike_c20_rep2,pessimistic_lock,spike,20,/items/:id/reserve [POST],POST,1368,43,97.56,57.8,58.0,77.0,91.0
pessimistic_lock_spike_c20_rep2,pessimistic_lock,spike,20,/metrics/consistency [GET],GET,196,0,13.98,53.33,53.0,77.0,100.0
pessimistic_lock_spike_c20_rep2,pessimistic_lock,spike,20,/reservations/:id/release [POST],POST,348,0,24.82,60.01,61.0,81.0,87.0
pessimistic_lock_spike_c50_rep1,pessimistic_lock,spike,50,/items [GET],GET,1080,0,76.99,141.12,140.0,180.0,270.0
pessimistic_lock_spike_c50_rep1,pessimistic_lock,spike,50,/items/:id [GET],GET,1173,0,83.62,139.09,140.0,180.0,290.0
pessimistic_lock_spike_c50_rep1,pessimistic_lock,spike,50,/items/:id/reserve [POST],POST,1270,29,90.54,161.49,160.0,200.0,340.0
pessimistic_lock_spike_c50_rep1,pessimistic_lock,spike,50,/metrics/consistency [GET],GET,164,0,11.69,152.25,160.0,190.0,270.0
pessimistic_lock_spike_c50_rep1,pessimistic_lock,spike,50,/reservations/:id/release [POST],POST,360,0,25.66,165.13,160.0,200.0,300.0
pessimistic_lock_spike_c50_rep2,pessimistic_lock,spike,50,/items [GET],GET,1379,0,98.66,127.81,120.0,200.0,240.0
pessimistic_lock_spike_c50_rep2,pessimistic_lock,spike,50,/items/:id [GET],GET,1207,1068,86.35,127.84,120.0,190.0,230.0
pessimistic_lock_spike_c50_rep2,pessimistic_lock,spike,50,/items/:id/reserve [POST],POST,1540,1394,110.18,137.6,130.0,220.0,310.0
pessimistic_lock_spike_c50_rep2,pessimistic_lock,spike,50,/metrics/consistency [GET],GET,212,3,15.17,146.42,140.0,230.0,260.0
pessimistic_lock_spike_c50_rep2,pessimistic_lock,spike,50,/reservations/:id/release [POST],POST,143,1,10.23,133.72,120.0,230.0,290.0
pessimistic_lock_spike_c5_rep1,pessimistic_lock,spike,5,/items [GET],GET,650,0,46.33,8.96,9.0,14.0,15.0
pessimistic_lock_spike_c5_rep1,pessimistic_lock,spike,5,/items/:id [GET],GET,654,0,46.61,7.41,7.0,11.0,14.0
pessimistic_lock_spike_c5_rep1,pessimistic_lock,spike,5,/items/:id/reserve [POST],POST,779,28,55.52,13.96,14.0,20.0,23.0
pessimistic_lock_spike_c5_rep1,pessimistic_lock,spike,5,/metrics/consistency [GET],GET,115,0,8.2,12.77,13.0,18.0,19.0
pessimistic_lock_spike_c5_rep1,pessimistic_lock,spike,5,/reservations/:id/release [POST],POST,196,0,13.97,15.13,15.0,21.0,27.0
pessimistic_lock_spike_c5_rep2,pessimistic_lock,spike,5,/items [GET],GET,628,0,44.72,9.29,9.0,14.0,19.0
pessimistic_lock_spike_c5_rep2,pessimistic_lock,spike,5,/items/:id [GET],GET,647,0,46.07,7.49,7.0,12.0,14.0
pessimistic_lock_spike_c5_rep2,pessimistic_lock,spike,5,/items/:id/reserve [POST],POST,778,34,55.4,14.67,14.0,21.0,37.0
pessimistic_lock_spike_c5_rep2,pessimistic_lock,spike,5,/metrics/consistency [GET],GET,89,0,6.34,13.3,12.0,19.0,38.0
pessimistic_lock_spike_c5_rep2,pessimistic_lock,spike,5,/reservations/:id/release [POST],POST,206,0,14.67,15.87,15.0,26.0,39.0
pessimistic_lock_write_heavy_c100_rep1,pessimistic_lock,write_heavy,100,/items [GET],GET,1088,0,77.63,315.83,310.0,480.0,630.0
pessimistic_lock_write_heavy_c100_rep1,pessimistic_lock,write_heavy,100,/items/:id [GET],GET,1078,0,76.91,314.37,310.0,470.0,580.0
pessimistic_lock_write_heavy_c100_rep1,pessimistic_lock,write_heavy,100,/items/:id/reserve [POST],POST,1255,42,89.54,334.07,330.0,480.0,640.0
pessimistic_lock_write_heavy_c100_rep1,pessimistic_lock,write_heavy,100,/metrics/consistency [GET],GET,184,0,13.13,327.49,320.0,490.0,720.0
pessimistic_lock_write_heavy_c100_rep1,pessimistic_lock,write_heavy,100,/reservations/:id/release [POST],POST,327,0,23.33,339.31,330.0,490.0,580.0
pessimistic_lock_write_heavy_c100_rep2,pessimistic_lock,write_heavy,100,/items [GET],GET,1103,0,78.7,314.05,300.0,470.0,620.0
pessimistic_lock_write_heavy_c100_rep2,pessimistic_lock,write_heavy,100,/items/:id [GET],GET,1108,0,79.05,310.86,300.0,450.0,530.0
pessimistic_lock_write_heavy_c100_rep2,pessimistic_lock,write_heavy,100,/items/:id/reserve [POST],POST,1251,38,89.26,332.74,320.0,490.0,680.0
pessimistic_lock_write_heavy_c100_rep2,pessimistic_lock,write_heavy,100,/metrics/consistency [GET],GET,173,0,12.34,320.3,320.0,490.0,540.0
pessimistic_lock_write_heavy_c100_rep2,pessimistic_lock,write_heavy,100,/reservations/:id/release [POST],POST,315,0,22.47,341.53,330.0,500.0,610.0
pessimistic_lock_write_heavy_c20_rep1,pessimistic_lock,write_heavy,20,/items [GET],GET,326,0,81.34,35.94,40.0,57.0,68.0
pessimistic_lock_write_heavy_c20_rep1,pessimistic_lock,write_heavy,20,/items/:id [GET],GET,351,0,87.58,32.19,36.0,53.0,69.0
pessimistic_lock_write_heavy_c20_rep1,pessimistic_lock,write_heavy,20,/items/:id/reserve [POST],POST,389,9,97.06,50.03,54.0,78.0,96.0
pessimistic_lock_write_heavy_c20_rep1,pessimistic_lock,write_heavy,20,/metrics/consistency [GET],GET,53,0,13.22,45.5,50.0,73.0,82.0
pessimistic_lock_write_heavy_c20_rep1,pessimistic_lock,write_heavy,20,/reservations/:id/release [POST],POST,103,0,25.7,53.58,55.0,90.0,94.0
pessimistic_lock_write_heavy_c20_rep2,pessimistic_lock,write_heavy,20,/items [GET],GET,886,0,63.17,54.08,55.0,82.0,99.0
pessimistic_lock_write_heavy_c20_rep2,pessimistic_lock,write_heavy,20,/items/:id [GET],GET,970,0,69.15,51.64,52.0,78.0,93.0
pessimistic_lock_write_heavy_c20_rep2,pessimistic_lock,write_heavy,20,/items/:id/reserve [POST],POST,1113,33,79.35,72.76,74.0,110.0,130.0
pessimistic_lock_write_heavy_c20_rep2,pessimistic_lock,write_heavy,20,/metrics/consistency [GET],GET,179,0,12.76,66.25,68.0,95.0,110.0
pessimistic_lock_write_heavy_c20_rep2,pessimistic_lock,write_heavy,20,/reservations/:id/release [POST],POST,301,0,21.46,78.53,80.0,110.0,130.0
pessimistic_lock_write_heavy_c50_rep1,pessimistic_lock,write_heavy,50,/items [GET],GET,959,0,68.38,166.96,170.0,220.0,250.0
pessimistic_lock_write_heavy_c50_rep1,pessimistic_lock,write_heavy,50,/items/:id [GET],GET,950,0,67.73,161.72,160.0,210.0,240.0
pessimistic_lock_write_heavy_c50_rep1,pessimistic_lock,write_heavy,50,/items/:id/reserve [POST],POST,1148,36,81.85,188.31,190.0,240.0,300.0
pessimistic_lock_write_heavy_c50_rep1,pessimistic_lock,write_heavy,50,/metrics/consistency [GET],GET,157,0,11.19,179.43,180.0,240.0,250.0
pessimistic_lock_write_heavy_c50_rep1,pessimistic_lock,write_heavy,50,/reservations/:id/release [POST],POST,297,0,21.18,190.24,190.0,240.0,270.0
pessimistic_lock_write_heavy_c50_rep2,pessimistic_lock,write_heavy,50,/items [GET],GET,1107,0,78.95,143.62,140.0,190.0,210.0
pessimistic_lock_write_heavy_c50_rep2,pessimistic_lock,write_heavy,50,/items/:id [GET],GET,1122,0,80.02,138.26,140.0,180.0,200.0
pessimistic_lock_write_heavy_c50_rep2,pessimistic_lock,write_heavy,50,/items/:id/reserve [POST],POST,1314,36,93.71,160.53,160.0,200.0,230.0
pessimistic_lock_write_heavy_c50_rep2,pessimistic_lock,write_heavy,50,/metrics/consistency [GET],GET,175,0,12.48,149.6,150.0,190.0,210.0
pessimistic_lock_write_heavy_c50_rep2,pessimistic_lock,write_heavy,50,/reservations/:id/release [POST],POST,334,0,23.82,164.94,170.0,200.0,210.0
pessimistic_lock_write_heavy_c5_rep1,pessimistic_lock,write_heavy,5,/items [GET],GET,188,0,46.9,8.34,8.0,13.0,15.0
pessimistic_lock_write_heavy_c5_rep1,pessimistic_lock,write_heavy,5,/items/:id [GET],GET,172,0,42.91,6.92,7.0,11.0,12.0
pessimistic_lock_write_heavy_c5_rep1,pessimistic_lock,write_heavy,5,/items/:id/reserve [POST],POST,243,11,60.62,12.98,13.0,17.0,19.0
pessimistic_lock_write_heavy_c5_rep1,pessimistic_lock,write_heavy,5,/metrics/consistency [GET],GET,38,0,9.48,11.51,11.0,18.0,18.0
pessimistic_lock_write_heavy_c5_rep1,pessimistic_lock,write_heavy,5,/reservations/:id/release [POST],POST,53,0,13.22,13.4,13.0,19.0,20.0
pessimistic_lock_write_heavy_c5_rep2,pessimistic_lock,write_heavy,5,/items [GET],GET,599,0,42.64,11.09,10.0,21.0,33.0
pessimistic_lock_write_heavy_c5_rep2,pessimistic_lock,write_heavy,5,/items/:id [GET],GET,584,113,41.57,9.58,8.0,19.0,29.0
pessimistic_lock_write_heavy_c5_rep2,pessimistic_lock,write_heavy,5,/items/:id/reserve [POST],POST,685,152,48.76,17.09,16.0,30.0,44.0
pessimistic_lock_write_heavy_c5_rep2,pessimistic_lock,write_heavy,5,/metrics/consistency [GET],GET,107,0,7.62,16.81,15.0,27.0,34.0
pessimistic_lock_write_heavy_c5_rep2,pessimistic_lock,write_heavy,5,/reservations/:id/release [POST],POST,201,0,14.31,17.75,16.0,38.0,47.0
pool_constrained_pool_c50,atomic_update,mixed,20,/items [GET],GET,363,0,90.54,33.13,36.0,50.0,60.0
pool_constrained_pool_c50,atomic_update,mixed,20,/items/:id [GET],GET,370,0,92.29,29.61,33.0,46.0,54.0
pool_constrained_pool_c50,atomic_update,mixed,20,/items/:id/reserve [POST],POST,405,13,101.02,43.75,48.0,64.0,74.0
pool_constrained_pool_c50,atomic_update,mixed,20,/metrics/consistency [GET],GET,60,0,14.97,41.55,46.0,63.0,72.0
pool_constrained_pool_c50,atomic_update,mixed,20,/reservations/:id/release [POST],POST,110,0,27.44,47.71,54.0,67.0,69.0
pool_high_concurrency_pool_c50,atomic_update,mixed,20,/items [GET],GET,358,0,89.46,34.32,37.0,56.0,69.0
pool_high_concurrency_pool_c50,atomic_update,mixed,20,/items/:id [GET],GET,348,0,86.96,31.39,35.0,49.0,59.0
pool_high_concurrency_pool_c50,atomic_update,mixed,20,/items/:id/reserve [POST],POST,419,17,104.7,43.54,47.0,69.0,82.0
pool_high_concurrency_pool_c50,atomic_update,mixed,20,/metrics/consistency [GET],GET,53,0,13.24,45.25,48.0,74.0,91.0
pool_high_concurrency_pool_c50,atomic_update,mixed,20,/reservations/:id/release [POST],POST,110,0,27.49,49.58,54.0,71.0,80.0
pool_standard_pool_c50,atomic_update,mixed,20,/items [GET],GET,353,0,88.19,33.9,37.0,50.0,64.0
pool_standard_pool_c50,atomic_update,mixed,20,/items/:id [GET],GET,399,0,99.69,29.27,33.0,45.0,51.0
pool_standard_pool_c50,atomic_update,mixed,20,/items/:id/reserve [POST],POST,405,13,101.18,41.3,46.0,62.0,66.0
pool_standard_pool_c50,atomic_update,mixed,20,/metrics/consistency [GET],GET,73,0,18.24,39.61,44.0,61.0,70.0
pool_standard_pool_c50,atomic_update,mixed,20,/reservations/:id/release [POST],POST,104,0,25.98,45.83,51.0,66.0,67.0
