run_tag,strategy,profile,concurrency,repetition,duration_seconds,consistency_passed,violations_count,total_requests,successful_requests,failed_requests,failure_rate,rps,avg_latency_ms,p50_latency_ms,p95_latency_ms,p99_latency_ms,min_latency_ms,max_latency_ms
atomic_update_mixed_c5_rep1,atomic_update,mixed,5,1,5,True,0,702,694,8,1.14,174.53,9.75,9.0,16.0,18.0,3.4,56.22
atomic_update_mixed_c5_rep2,atomic_update,mixed,5,2,15,True,0,2421,2388,33,1.36,172.43,10.46,10.0,17.0,22.0,3.19,31.33
atomic_update_mixed_c20_rep1,atomic_update,mixed,20,1,5,True,0,1247,1231,16,1.28,311.94,39.58,41.0,66.0,76.0,3.83,87.52
pool_constrained_pool_c50,atomic_update,mixed,20,1,0,True,0,1308,1295,13,0.99,326.25,37.03,39.0,61.0,70.0,3.97,84.15
pool_high_concurrency_pool_c50,atomic_update,mixed,20,1,0,True,0,1288,1271,17,1.32,321.86,38.28,40.0,63.0,77.0,4.06,92.86
pool_standard_pool_c50,atomic_update,mixed,20,1,0,True,0,1334,1321,13,0.97,333.28,36.0,38.0,59.0,66.0,3.97,94.1
atomic_update_mixed_c20_rep2,atomic_update,mixed,20,2,15,True,0,3945,3908,37,0.94,281.26,52.6,52.0,78.0,88.0,4.96,135.07
atomic_update_mixed_c50_rep1,atomic_update,mixed,50,1,15,True,0,3925,3888,37,0.94,279.81,155.0,160.0,190.0,210.0,42.47,337.19
atomic_update_mixed_c50_rep2,atomic_update,mixed,50,2,15,True,0,3925,3893,32,0.82,279.87,155.23,160.0,200.0,220.0,37.73,349.1
atomic_update_mixed_c100_rep1,atomic_update,mixed,100,1,15,True,0,3482,3444,38,1.09,248.4,365.44,350.0,560.0,720.0,47.45,1031.97
atomic_update_mixed_c100_rep2,atomic_update,mixed,100,2,15,True,0,3312,3284,28,0.85,236.12,386.27,370.0,610.0,780.0,50.28,1082.27
atomic_update_read_heavy_c5_rep1,atomic_update,read_heavy,5,1,15,True,0,2342,2323,19,0.81,166.81,11.74,11.0,20.0,29.0,3.93,51.35
atomic_update_read_heavy_c5_rep2,atomic_update,read_heavy,5,2,15,True,0,2333,2305,28,1.2,166.1,11.86,11.0,20.0,29.0,3.67,44.42
atomic_update_read_heavy_c20_rep1,atomic_update,read_heavy,20,1,15,True,0,3791,3748,43,1.13,270.15,54.81,54.0,81.0,92.0,5.52,121.62
atomic_update_read_heavy_c20_rep2,atomic_update,read_heavy,20,2,15,True,0,3821,3786,35,0.92,272.19,54.64,54.0,80.0,90.0,7.15,119.58
atomic_update_read_heavy_c50_rep1,atomic_update,read_heavy,50,1,15,True,0,3903,3867,36,0.92,278.42,155.89,160.0,200.0,220.0,36.55,307.8
atomic_update_read_heavy_c50_rep2,atomic_update,read_heavy,50,2,15,True,0,3581,3544,37,1.03,255.6,171.23,170.0,230.0,290.0,48.81,430.53
atomic_update_read_heavy_c100_rep1,atomic_update,read_heavy,100,1,15,True,0,3254,3226,28,0.86,231.8,392.13,390.0,590.0,740.0,57.67,981.03
atomic_update_read_heavy_c100_rep2,atomic_update,read_heavy,100,2,15,True,0,3318,3295,23,0.69,236.5,384.1,370.0,580.0,760.0,53.94,1065.04
atomic_update_spike_c5_rep1,atomic_update,spike,5,1,15,True,0,2497,2478,19,0.76,177.74,9.8,10.0,16.0,18.0,3.27,31.85
atomic_update_spike_c5_rep2,atomic_update,spike,5,2,15,True,0,2488,2460,28,1.13,176.84,9.97,10.0,16.0,19.0,3.28,23.7
atomic_update_spike_c20_rep1,atomic_update,spike,20,1,15,True,0,4287,4242,45,1.05,305.8,47.03,47.0,69.0,77.0,4.97,127.97
atomic_update_spike_c20_rep2,atomic_update,spike,20,2,15,True,0,4236,4196,40,0.94,301.92,47.52,47.0,71.0,82.0,4.54,124.11
atomic_update_spike_c50_rep1,atomic_update,spike,50,1,15,True,0,4291,4250,41,0.96,305.46,140.88,140.0,180.0,190.0,35.84,317.25
atomic_update_spike_c50_rep2,atomic_update,spike,50,2,15,True,0,3876,3837,39,1.01,275.96,157.59,160.0,210.0,250.0,38.7,323.89
atomic_update_spike_c100_rep1,atomic_update,spike,100,1,15,True,0,3616,3589,27,0.75,257.78,353.29,340.0,550.0,700.0,53.59,986.12
atomic_update_spike_c100_rep2,atomic_update,spike,100,2,15,True,0,4255,4217,38,0.89,303.35,298.27,290.0,440.0,560.0,46.84,798.1
atomic_update_write_heavy_c5_rep1,atomic_update,write_heavy,5,1,5,True,0,701,695,6,0.86,175.41,9.91,10.0,16.0,18.0,3.36,20.72
atomic_update_write_heavy_c5_rep2,atomic_update,write_heavy,5,2,15,True,0,1999,1909,90,4.5,175.55,10.13,9.0,17.0,21.0,3.45,75.34
atomic_update_write_heavy_c20_rep1,atomic_update,write_heavy,20,1,5,True,0,1295,1283,12,0.93,322.55,37.66,37.0,67.0,98.0,4.22,118.08
atomic_update_write_heavy_c20_rep2,atomic_update,write_heavy,20,2,15,True,0,4215,4177,38,0.9,300.02,48.11,48.0,72.0,88.0,3.68,209.64
atomic_update_write_heavy_c50_rep1,atomic_update,write_heavy,50,1,15,True,0,4248,4203,45,1.06,303.16,142.22,140.0,180.0,200.0,40.69,445.66
atomic_update_write_heavy_c50_rep2,atomic_update,write_heavy,50,2,15,True,0,4355,4311,44,1.01,310.32,138.98,140.0,170.0,180.0,29.46,308.88
atomic_update_write_heavy_c100_rep1,atomic_update,write_heavy,100,1,15,True,0,4107,4074,33,0.8,292.93,309.11,300.0,450.0,580.0,78.69,935.13
atomic_update_write_heavy_c100_rep2,atomic_update,write_heavy,100,2,15,True,0,4099,4053,46,1.12,291.86,309.99,300.0,470.0,580.0,42.38,956.83
pessimistic_lock_mixed_c5_rep1,pessimistic_lock,mixed,5,1,5,True,0,710,701,9,1.27,176.45,9.71,10.0,16.0,18.0,3.22,31.01
pessimistic_lock_mixed_c5_rep2,pessimistic_lock,mixed,5,2,15,True,0,2351,2327,24,1.02,167.37,11.23,11.0,19.0,22.0,3.34,32.61
pessimistic_lock_mixed_c20_rep1,pessimistic_lock,mixed,20,1,5,True,0,1239,1228,11,0.89,309.77,39.64,41.0,67.0,77.0,3.8,120.97
pessimistic_lock_mixed_c20_rep2,pessimistic_lock,mixed,20,2,15,True,0,3845,3796,49,1.27,274.07,53.97,53.0,81.0,98.0,5.76,144.86
pessimistic_lock_mixed_c50_rep1,pessimistic_lock,mixed,50,1,15,True,0,3986,3955,31,0.78,283.98,152.85,150.0,190.0,200.0,60.09,348.76
pessimistic_lock_mixed_c50_rep2,pessimistic_lock,mixed,50,2,15,True,0,4075,4037,38,0.93,290.45,149.02,150.0,190.0,210.0,39.16,338.49
pessimistic_lock_mixed_c100_rep1,pessimistic_lock,mixed,100,1,15,True,0,3829,3788,41,1.07,273.05,332.87,330.0,490.0,620.0,49.1,920.04
pessimistic_lock_mixed_c100_rep2,pessimistic_lock,mixed,100,2,15,True,0,3938,3898,40,1.02,280.86,323.04,320.0,460.0,610.0,50.2,977.81
pessimistic_lock_read_heavy_c5_rep1,pessimistic_lock,read_heavy,5,1,15,True,0,2355,2336,19,0.81,167.71,11.26,11.0,19.0,21.0,3.34,32.64
pessimistic_lock_read_heavy_c5_rep2,pessimistic_lock,read_heavy,5,2,15,True,0,2344,2318,26,1.11,167.05,11.21,11.0,19.0,22.0,3.2,36.56
pessimistic_lock_read_heavy_c20_rep1,pessimistic_lock,read_heavy,20,1,15,True,0,4018,3978,40,1.0,286.45,51.07,51.0,77.0,89.0,5.18,111.86
pessimistic_lock_read_heavy_c20_rep2,pessimistic_lock,read_heavy,20,2,15,True,0,4101,4062,39,0.95,292.36,49.76,49.0,75.0,86.0,4.33,132.97
pessimistic_lock_read_heavy_c50_rep1,pessimistic_lock,read_heavy,50,1,15,True,0,4102,4054,48,1.17,292.63,147.81,150.0,190.0,200.0,28.03,328.92
pessimistic_lock_read_heavy_c50_rep2,pessimistic_lock,read_heavy,50,2,15,True,0,3977,3942,35,0.88,283.66,153.02,160.0,200.0,220.0,39.29,353.74
pessimistic_lock_read_heavy_c100_rep1,pessimistic_lock,read_heavy,100,1,15,True,0,3685,3651,34,0.92,262.88,345.41,340.0,510.0,680.0,57.43,968.35
pessimistic_lock_read_heavy_c100_rep2,pessimistic_lock,read_heavy,100,2,15,True,0,3774,3746,28,0.74,269.12,337.6,330.0,490.0,640.0,58.33,1024.76
pessimistic_lock_spike_c5_rep1,pessimistic_lock,spike,5,1,15,True,0,2394,2366,28,1.17,170.63,10.85,10.0,18.0,22.0,3.02,32.44
pessimistic_lock_spike_c5_rep2,pessimistic_lock,spike,5,2,15,True,0,2348,2314,34,1.45,167.19,11.31,11.0,19.0,33.0,2.85,64.52
pessimistic_lock_spike_c20_rep1,pessimistic_lock,spike,20,1,15,True,0,4094,4046,48,1.17,291.76,50.19,49.0,77.0,87.0,4.2,113.4
pessimistic_lock_spike_c20_rep2,pessimistic_lock,spike,20,2,15,True,0,4188,4145,43,1.03,298.68,48.41,48.0,73.0,85.0,5.31,129.44
pessimistic_lock_spike_c50_rep1,pessimistic_lock,spike,50,1,15,True,0,4047,4018,29,0.72,288.51,149.51,150.0,190.0,290.0,34.53,417.24
pessimistic_lock_spike_c50_rep2,pessimistic_lock,spike,50,2,15,True,0,4481,2015,2466,55.03,320.59,132.25,120.0,210.0,250.0,50.62,418.13
pessimistic_lock_spike_c100_rep1,pessimistic_lock,spike,100,1,15,True,0,5086,2091,2995,58.89,362.24,245.67,240.0,300.0,340.0,42.76,853.59
pessimistic_lock_spike_c100_rep2,pessimistic_lock,spike,100,2,15,True,0,3435,3405,30,0.87,244.94,371.68,350.0,590.0,780.0,49.51,1051.69
pessimistic_lock_write_heavy_c5_rep1,pessimistic_lock,write_heavy,5,1,5,True,0,694,683,11,1.59,173.12,10.17,10.0,17.0,19.0,3.27,21.93
pessimistic_lock_write_heavy_c5_rep2,pessimistic_lock,write_heavy,5,2,15,True,0,2176,1911,265,12.18,154.91,13.47,12.0,27.0,39.0,3.62,70.8
pessimistic_lock_write_heavy_c20_rep1,pessimistic_lock,write_heavy,20,1,5,True,0,1222,1213,9,0.74,304.91,41.25,42.0,71.0,91.0,3.96,110.63
pessimistic_lock_write_heavy_c20_rep2,pessimistic_lock,write_heavy,20,2,15,True,0,3449,3416,33,0.96,245.89,62.19,62.0,99.0,120.0,3.65,158.56
pessimistic_lock_write_heavy_c50_rep1,pessimistic_lock,write_heavy,50,1,15,True,0,3511,3475,36,1.03,250.33,175.05,170.0,230.0,270.0,45.09,546.5
pessimistic_lock_write_heavy_c50_rep2,pessimistic_lock,write_heavy,50,2,15,True,0,4052,4016,36,0.89,288.98,149.63,150.0,190.0,220.0,41.54,404.58
pessimistic_lock_write_heavy_c100_rep1,pessimistic_lock,write_heavy,100,1,15,True,0,3932,3890,42,1.07,280.54,323.75,320.0,480.0,630.0,41.51,942.66
pessimistic_lock_write_heavy_c100_rep2,pessimistic_lock,write_heavy,100,2,15,True,0,3950,3912,38,0.96,281.82,321.54,310.0,480.0,610.0,51.34,1268.33
